{"inputUnits":[34],"outputUnits":2,"inputs":{"0":{"dtype":"number","min":27.37813665155779,"max":98.4556068918626},"1":{"dtype":"number","min":-1.6265947219224006,"max":58.19388690747713},"2":{"dtype":"number","min":29.144477379484716,"max":100.4975206903082},"3":{"dtype":"number","min":-3.341221948813277,"max":52.93063779323422},"4":{"dtype":"number","min":22.308782248469125,"max":93.85372544357419},"5":{"dtype":"number","min":-4.09112450672172,"max":54.87769974602593},"6":{"dtype":"number","min":31.066866402040446,"max":100.91139140881991},"7":{"dtype":"number","min":-2.7337881091974863,"max":56.37532098483853},"8":{"dtype":"number","min":15.909530126560501,"max":81.57383958731015},"9":{"dtype":"number","min":-5.169449447423626,"max":60.391910731443886},"10":{"dtype":"number","min":32.381185546488325,"max":96.9665241752684},"11":{"dtype":"number","min":5.7634305303324505,"max":78.69353712650768},"12":{"dtype":"number","min":13.508846606427465,"max":75.68571535002651},"13":{"dtype":"number","min":9.614178474418832,"max":83.44302707248264},"14":{"dtype":"number","min":38.17923306024563,"max":101.15763950533803},"15":{"dtype":"number","min":8.663789105926574,"max":101.66809665761728},"16":{"dtype":"number","min":10.470891138266403,"max":69.81789066545214},"17":{"dtype":"number","min":8.32778380395841,"max":100.44146662334718},"18":{"dtype":"number","min":31.480709432858472,"max":103.94305178993628},"19":{"dtype":"number","min":-0.6302221011929577,"max":108.34484137522082},"20":{"dtype":"number","min":6.006011814169484,"max":72.37950709828161},"21":{"dtype":"number","min":-3.4734945315831354,"max":106.23975460059927},"22":{"dtype":"number","min":26.776111242134437,"max":90.75276024392706},"23":{"dtype":"number","min":48.78229602270889,"max":102.47410872758714},"24":{"dtype":"number","min":19.16558245236878,"max":82.25519289979692},"25":{"dtype":"number","min":43.69569869301704,"max":101.82605059290954},"26":{"dtype":"number","min":24.84063656009429,"max":94.48269905402647},"27":{"dtype":"number","min":68.63858239692554,"max":103.61053660134358},"28":{"dtype":"number","min":19.396548382720052,"max":86.93272151909841},"29":{"dtype":"number","min":70.59090132834153,"max":103.37116397612276},"30":{"dtype":"number","min":24.95494602396939,"max":94.85325432195533},"31":{"dtype":"number","min":91.57111556441696,"max":104.28193670499627},"32":{"dtype":"number","min":21.814411445784057,"max":88.77947084155464},"33":{"dtype":"number","min":85.56703721803066,"max":105.18321693524516}},"outputs":{"0":{"dtype":"string","min":0,"max":1,"uniqueValues":["x","동그라미"],"legend":{"x":[1,0],"동그라미":[0,1]}}},"isNormalized":true}