{"inputUnits":[34],"outputUnits":2,"inputs":{"0":{"dtype":"number","min":28.27664172207868,"max":98.2813890914471},"1":{"dtype":"number","min":-3.548996536820023,"max":57.74923997548124},"2":{"dtype":"number","min":28.531699710422092,"max":99.35232784315856},"3":{"dtype":"number","min":-2.825965658265945,"max":55.366472426446094},"4":{"dtype":"number","min":24.81276458002206,"max":95.56084673771849},"5":{"dtype":"number","min":-3.357377898158618,"max":56.30864026950814},"6":{"dtype":"number","min":28.659708504555983,"max":98.90297235336452},"7":{"dtype":"number","min":-3.2239129436411122,"max":56.732465323881335},"8":{"dtype":"number","min":18.593686807457697,"max":91.57799679865846},"9":{"dtype":"number","min":-3.3347258093761423,"max":57.737649486311234},"10":{"dtype":"number","min":24.750252030281526,"max":98.34402374356812},"11":{"dtype":"number","min":-2.802004079837316,"max":67.90127270867717},"12":{"dtype":"number","min":15.969859926324142,"max":91.94927550198739},"13":{"dtype":"number","min":2.6929011354204744,"max":68.99614004131415},"14":{"dtype":"number","min":25.415494892797042,"max":103.61929367392617},"15":{"dtype":"number","min":12.859382034509967,"max":77.89154504126276},"16":{"dtype":"number","min":10.88676787259286,"max":97.91616157249169},"17":{"dtype":"number","min":14.383652521620485,"max":78.93633089567486},"18":{"dtype":"number","min":18.302751795822648,"max":104.65142991807726},"19":{"dtype":"number","min":7.821139396979794,"max":91.25569512737192},"20":{"dtype":"number","min":4.952436952795434,"max":98.07320366128845},"21":{"dtype":"number","min":7.3556502195362,"max":97.0547584994727},"22":{"dtype":"number","min":19.971300798085235,"max":92.68063996967517},"23":{"dtype":"number","min":36.601011934336164,"max":97.61226014551829},"24":{"dtype":"number","min":17.98425696746648,"max":88.89397570961401},"25":{"dtype":"number","min":33.62515511800903,"max":97.18766784110265},"26":{"dtype":"number","min":22.721234632049622,"max":94.76454671595761},"27":{"dtype":"number","min":44.940100775824654,"max":103.14267587940596},"28":{"dtype":"number","min":19.060038126002976,"max":95.37856118720875},"29":{"dtype":"number","min":45.84357445700127,"max":103.3274321528206},"30":{"dtype":"number","min":22.786210619682922,"max":97.19091767688477},"31":{"dtype":"number","min":77.78616509242366,"max":104.6879896643566},"32":{"dtype":"number","min":18.309501365379052,"max":96.95666814640484},"33":{"dtype":"number","min":73.9115285594561,"max":104.47639814826714}},"outputs":{"0":{"dtype":"string","min":0,"max":1,"uniqueValues":["아빠 상어","x"],"legend":{"아빠 상어":[1,0],"x":[0,1]}}},"isNormalized":true}