{"inputUnits":[34],"outputUnits":2,"inputs":{"0":{"dtype":"number","min":25.996325401767187,"max":87.38266526490857},"1":{"dtype":"number","min":-3.852251212731672,"max":99.16237330111379},"2":{"dtype":"number","min":25.190165214836018,"max":89.30282137314944},"3":{"dtype":"number","min":-3.131013539334719,"max":97.37790416323419},"4":{"dtype":"number","min":24.8172102848224,"max":85.89003787867972},"5":{"dtype":"number","min":-3.6550428899872838,"max":97.32078581060816},"6":{"dtype":"number","min":21.779973139772174,"max":91.09102875633315},"7":{"dtype":"number","min":-3.687622114928842,"max":98.73847942835638},"8":{"dtype":"number","min":20.883427911799323,"max":85.01720632958366},"9":{"dtype":"number","min":-3.8288413897360045,"max":99.26287514424463},"10":{"dtype":"number","min":29.604360234667684,"max":95.55966579890855},"11":{"dtype":"number","min":-4.843179059539854,"max":99.72421126058924},"12":{"dtype":"number","min":13.27736977248164,"max":89.44661333779378},"13":{"dtype":"number","min":4.939269275925545,"max":101.67613187496194},"14":{"dtype":"number","min":30.76638743194223,"max":100.48571357950134},"15":{"dtype":"number","min":12.087786313850746,"max":101.02132403130187},"16":{"dtype":"number","min":9.345020435125972,"max":95.05848094501458},"17":{"dtype":"number","min":7.631097388313992,"max":100.76217530531261},"18":{"dtype":"number","min":27.850694149790684,"max":102.02828104268274},"19":{"dtype":"number","min":-0.16042958458497045,"max":104.0005451522143},"20":{"dtype":"number","min":9.077258370308384,"max":103.28973543341861},"21":{"dtype":"number","min":-0.9739265107271964,"max":102.70112727352983},"22":{"dtype":"number","min":24.13958722387838,"max":88.18603695949383},"23":{"dtype":"number","min":6.260907766182288,"max":101.36122777912816},"24":{"dtype":"number","min":16.574284811930813,"max":90.19904471280282},"25":{"dtype":"number","min":33.59750929864062,"max":101.3074557915998},"26":{"dtype":"number","min":21.113316311008983,"max":88.9245564942239},"27":{"dtype":"number","min":35.332749554520696,"max":103.69556382385612},"28":{"dtype":"number","min":18.825385456661497,"max":88.929242883277},"29":{"dtype":"number","min":56.17425195132083,"max":103.4952829223395},"30":{"dtype":"number","min":21.58343947654114,"max":87.40787756489499},"31":{"dtype":"number","min":59.80491480167382,"max":104.1855955216852},"32":{"dtype":"number","min":18.47889065510116,"max":87.68556599031416},"33":{"dtype":"number","min":81.94190484506113,"max":104.19547395167064}},"outputs":{"0":{"dtype":"string","min":0,"max":1,"uniqueValues":["x","발"],"legend":{"x":[1,0],"발":[0,1]}}},"isNormalized":true}