{"inputUnits":[34],"outputUnits":2,"inputs":{"0":{"dtype":"number","min":28.929061592206157,"max":85.07374564574245},"1":{"dtype":"number","min":-3.9065537629304106,"max":56.623918689482394},"2":{"dtype":"number","min":30.80642685787952,"max":86.43019213313944},"3":{"dtype":"number","min":-2.259760665149949,"max":54.14986238609745},"4":{"dtype":"number","min":26.306781620077686,"max":82.71300760161343},"5":{"dtype":"number","min":-2.3330145644397997,"max":54.78486010902807},"6":{"dtype":"number","min":32.91008328369022,"max":88.722282543517},"7":{"dtype":"number","min":-3.7282884237129554,"max":53.52201526857492},"8":{"dtype":"number","min":23.53896360415929,"max":79.24596886885794},"9":{"dtype":"number","min":-4.019774052134731,"max":55.290253771211205},"10":{"dtype":"number","min":33.9569501477143,"max":93.90996601614106},"11":{"dtype":"number","min":4.354378029152199,"max":67.09444573980558},"12":{"dtype":"number","min":17.916360747279715,"max":74.59629613753648},"13":{"dtype":"number","min":8.341380634270681,"max":67.86615272246839},"14":{"dtype":"number","min":33.58980298739428,"max":104.60574278357434},"15":{"dtype":"number","min":7.7677118847941795,"max":86.39647853769522},"16":{"dtype":"number","min":10.213766228153458,"max":69.42718609964173},"17":{"dtype":"number","min":5.054948297392787,"max":90.19782603600336},"18":{"dtype":"number","min":35.890420277913414,"max":101.8087480035674},"19":{"dtype":"number","min":-2.8637581169024315,"max":101.94799858227111},"20":{"dtype":"number","min":5.199819419816223,"max":69.43660758392156},"21":{"dtype":"number","min":-3.224201462654575,"max":102.22325445848134},"22":{"dtype":"number","min":31.795682219269217,"max":90.09934182752643},"23":{"dtype":"number","min":40.295673020866644,"max":100.79147216172245},"24":{"dtype":"number","min":18.75610550244649,"max":78.88306660494145},"25":{"dtype":"number","min":36.266011708428756,"max":100.77668416802182},"26":{"dtype":"number","min":30.29534932930335,"max":91.47855319939626},"27":{"dtype":"number","min":65.95788513243082,"max":103.03822009884126},"28":{"dtype":"number","min":18.73894748051032,"max":80.96750581938389},"29":{"dtype":"number","min":65.68864443381163,"max":103.30668220743102},"30":{"dtype":"number","min":27.692795659598787,"max":90.68544089910347},"31":{"dtype":"number","min":82.50268439800419,"max":103.9403699759619},"32":{"dtype":"number","min":18.153923808017904,"max":80.64972531725789},"33":{"dtype":"number","min":84.85775091494733,"max":103.89969474390934}},"outputs":{"0":{"dtype":"string","min":0,"max":1,"uniqueValues":["머리","x"],"legend":{"머리":[1,0],"x":[0,1]}}},"isNormalized":true}