{"inputUnits":[34],"outputUnits":2,"inputs":{"0":{"dtype":"number","min":251.2427596599735,"max":546.8742272449515},"1":{"dtype":"number","min":58.51476122761329,"max":125.34398248088755},"2":{"dtype":"number","min":260.82015768129224,"max":557.6060042650844},"3":{"dtype":"number","min":46.37659916868451,"max":114.46177045736627},"4":{"dtype":"number","min":239.97757523148147,"max":531.9589917515685},"5":{"dtype":"number","min":49.76023177654423,"max":118.7529151574445},"6":{"dtype":"number","min":275.4876610828422,"max":574.5095756783587},"7":{"dtype":"number","min":54.23614442464668,"max":120.29552809211478},"8":{"dtype":"number","min":222.98581723813655,"max":515.4608082910727},"9":{"dtype":"number","min":59.553482025919834,"max":128.33920484397842},"10":{"dtype":"number","min":290.2260025946485,"max":603.7744607609383},"11":{"dtype":"number","min":131.38855991772508,"max":190.7257770144219},"12":{"dtype":"number","min":191.1656560767696,"max":487.7500073765686},"13":{"dtype":"number","min":133.05999755859375,"max":182.87446406849642},"14":{"dtype":"number","min":305.236644484611,"max":621.2966663144949},"15":{"dtype":"number","min":154.91256594890274,"max":262.0169915093316},"16":{"dtype":"number","min":173.10813799703794,"max":467.5976800453825},"17":{"dtype":"number","min":135.03839355230795,"max":235.52766617743356},"18":{"dtype":"number","min":306.61992301717834,"max":617.3874203271104},"19":{"dtype":"number","min":91.28799706174615,"max":338.76193680493685},"20":{"dtype":"number","min":163.00113819263598,"max":447.2343697650158},"21":{"dtype":"number","min":69.90252697444566,"max":307.67453913103066},"22":{"dtype":"number","min":281.6557041339242,"max":572.7032952559622},"23":{"dtype":"number","min":285.940109163697,"max":343.84624339916087},"24":{"dtype":"number","min":213.61293978626034,"max":503.93716793543643},"25":{"dtype":"number","min":290.34543102480046,"max":344.2520195141173},"26":{"dtype":"number","min":279.4385635504248,"max":566.3721214725724},"27":{"dtype":"number","min":397.9491304840028,"max":468.075328923573},"28":{"dtype":"number","min":208.5464186045626,"max":500.281768263432},"29":{"dtype":"number","min":396.74996389050693,"max":464.5840019835831},"30":{"dtype":"number","min":274.3294675354837,"max":567.116480896115},"31":{"dtype":"number","min":467.0677437884533,"max":555.9288961845532},"32":{"dtype":"number","min":219.10581923367684,"max":501.0239196241947},"33":{"dtype":"number","min":454.2891391211318,"max":543.5436645864743}},"outputs":{"0":{"dtype":"string","min":0,"max":1,"uniqueValues":["손 흔들어 인사합시다~","안녕~"],"legend":{"손 흔들어 인사합시다~":[1,0],"안녕~":[0,1]}}},"isNormalized":true}