{"inputUnits":[34],"outputUnits":2,"inputs":{"0":{"dtype":"number","min":26.13553759182638,"max":93.570573604348},"1":{"dtype":"number","min":-4.3690802293446565,"max":37.40345701488138},"2":{"dtype":"number","min":28.12575582291415,"max":95.15164209852907},"3":{"dtype":"number","min":-3.300555640029164,"max":35.54836100305033},"4":{"dtype":"number","min":23.42080568012438,"max":90.5199282350596},"5":{"dtype":"number","min":-3.7478675619203448,"max":35.28260747824031},"6":{"dtype":"number","min":30.042780398393003,"max":97.58335507636414},"7":{"dtype":"number","min":-3.61523618939792,"max":36.3323552799039},"8":{"dtype":"number","min":19.612997921354356,"max":87.07838200221518},"9":{"dtype":"number","min":-4.064134594060292,"max":35.61020734017356},"10":{"dtype":"number","min":28.610167168734367,"max":102.2032200476812},"11":{"dtype":"number","min":2.781015065213625,"max":49.06177195424458},"12":{"dtype":"number","min":15.490846001846284,"max":82.62423669618008},"13":{"dtype":"number","min":2.0809619747407258,"max":46.283928971541556},"14":{"dtype":"number","min":27.71631028452347,"max":102.54454566256577},"15":{"dtype":"number","min":17.750970847890162,"max":64.4431352150603},"16":{"dtype":"number","min":9.784155328836126,"max":96.49814434683579},"17":{"dtype":"number","min":18.576600444711904,"max":64.5955344157377},"18":{"dtype":"number","min":25.679665095160114,"max":103.52494684111538},"19":{"dtype":"number","min":3.866155895805731,"max":90.17898901628936},"20":{"dtype":"number","min":5.300060257344683,"max":102.92508123446162},"21":{"dtype":"number","min":5.263395848562379,"max":92.77229755245455},"22":{"dtype":"number","min":28.31969309968558,"max":99.59742537251226},"23":{"dtype":"number","min":43.0587608679461,"max":87.78756124931469},"24":{"dtype":"number","min":18.739454721265833,"max":89.80463652582894},"25":{"dtype":"number","min":43.425505714342144,"max":88.12743515996208},"26":{"dtype":"number","min":27.420580270927086,"max":95.74808498107434},"27":{"dtype":"number","min":59.51989454600314,"max":103.10698243377269},"28":{"dtype":"number","min":20.091400369566088,"max":90.8680456655997},"29":{"dtype":"number","min":59.42286645692227,"max":103.20422561080368},"30":{"dtype":"number","min":25.817724138672588,"max":94.17995221433584},"31":{"dtype":"number","min":83.90974577872144,"max":104.70738773457488},"32":{"dtype":"number","min":18.71007097808764,"max":91.2717661197655},"33":{"dtype":"number","min":86.34421216581765,"max":105.18100842630189}},"outputs":{"0":{"dtype":"string","min":0,"max":1,"uniqueValues":["안녕","x"],"legend":{"안녕":[1,0],"x":[0,1]}}},"isNormalized":true}