{"inputUnits":[34],"outputUnits":2,"inputs":{"0":{"dtype":"number","min":22.71608516254388,"max":91.2167937202528},"1":{"dtype":"number","min":-5.168071174249779,"max":66.63683859693144},"2":{"dtype":"number","min":23.713388591714306,"max":93.57289432404566},"3":{"dtype":"number","min":-4.17381940994114,"max":64.04902047348766},"4":{"dtype":"number","min":20.72966819153427,"max":89.1159658078794},"5":{"dtype":"number","min":-4.540239672447041,"max":64.29337581463493},"6":{"dtype":"number","min":27.024254975495516,"max":96.789959160208},"7":{"dtype":"number","min":-4.053336323818035,"max":62.073847982618545},"8":{"dtype":"number","min":19.041795595812285,"max":86.49878594842804},"9":{"dtype":"number","min":-5.717296116998089,"max":61.6847258562233},"10":{"dtype":"number","min":29.435453080294426,"max":102.3718601546557},"11":{"dtype":"number","min":6.020214055713854,"max":70.36457517226071},"12":{"dtype":"number","min":13.984608231929311,"max":82.4166916964347},"13":{"dtype":"number","min":8.076462643420719,"max":68.88191565203155},"14":{"dtype":"number","min":29.76552970692893,"max":101.93747972187244},"15":{"dtype":"number","min":18.83514516534861,"max":87.54215314839085},"16":{"dtype":"number","min":11.42809516505191,"max":78.05758582221138},"17":{"dtype":"number","min":25.38980480290761,"max":86.66247596517641},"18":{"dtype":"number","min":8.344706782588252,"max":102.58810106541446},"19":{"dtype":"number","min":7.66937021623578,"max":102.84508338913352},"20":{"dtype":"number","min":8.585132725289924,"max":80.66210077520003},"21":{"dtype":"number","min":10.463422362567389,"max":102.02687655740779},"22":{"dtype":"number","min":29.891898618106953,"max":95.35498730620446},"23":{"dtype":"number","min":49.110263318811015,"max":91.90428531193129},"24":{"dtype":"number","min":17.888735516494247,"max":95.60117033722341},"25":{"dtype":"number","min":48.41651507520769,"max":93.80678175485623},"26":{"dtype":"number","min":27.27999900981464,"max":96.18704779106274},"27":{"dtype":"number","min":63.83161117226525,"max":102.86517896150288},"28":{"dtype":"number","min":17.59706789057622,"max":94.54860073781153},"29":{"dtype":"number","min":67.49312556975069,"max":103.43710693002444},"30":{"dtype":"number","min":22.099564019699542,"max":93.64088492551511},"31":{"dtype":"number","min":82.56483710067779,"max":104.11959196391858},"32":{"dtype":"number","min":18.017225562945214,"max":92.97270231079638},"33":{"dtype":"number","min":82.47710845159044,"max":104.15048729374163}},"outputs":{"0":{"dtype":"string","min":0,"max":1,"uniqueValues":["무릎","x"],"legend":{"무릎":[1,0],"x":[0,1]}}},"isNormalized":true}