{"inputUnits":[34],"outputUnits":2,"inputs":{"0":{"dtype":"number","min":20.999479758576808,"max":100.8954287040071},"1":{"dtype":"number","min":-3.790573952955577,"max":40.2017753956146},"2":{"dtype":"number","min":22.65604225515622,"max":101.33195109302305},"3":{"dtype":"number","min":-3.829936349136323,"max":34.535186076954325},"4":{"dtype":"number","min":18.056728593554876,"max":96.86848732695476},"5":{"dtype":"number","min":-3.8197407713178078,"max":34.443880440431265},"6":{"dtype":"number","min":26.556682865522063,"max":102.09909665886654},"7":{"dtype":"number","min":-3.6011757209287056,"max":37.28491710408157},"8":{"dtype":"number","min":16.529222678022776,"max":85.18218073928566},"9":{"dtype":"number","min":-5.78211436727126,"max":36.14956575062772},"10":{"dtype":"number","min":33.64458795179401,"max":101.95466444971036},"11":{"dtype":"number","min":-3.4990403619658412,"max":67.50607574195193},"12":{"dtype":"number","min":13.74492738214385,"max":79.94379002680787},"13":{"dtype":"number","min":2.366475333944399,"max":60.288297642044164},"14":{"dtype":"number","min":34.62679314102114,"max":103.72876433136403},"15":{"dtype":"number","min":9.445568924991244,"max":97.60006324589601},"16":{"dtype":"number","min":10.499809220520376,"max":78.39555173357095},"17":{"dtype":"number","min":11.022149470814488,"max":93.5586814062405},"18":{"dtype":"number","min":30.897887501335514,"max":102.85814091940838},"19":{"dtype":"number","min":-1.8108695106431987,"max":104.16162576359382},"20":{"dtype":"number","min":9.609781580361705,"max":81.56592515941718},"21":{"dtype":"number","min":-0.9436051515575505,"max":97.0166216352065},"22":{"dtype":"number","min":27.926142150663264,"max":97.71729528787773},"23":{"dtype":"number","min":35.84511182461566,"max":102.32478786862617},"24":{"dtype":"number","min":16.64525528400265,"max":86.46762477956553},"25":{"dtype":"number","min":24.92499992861385,"max":101.49290501258062},"26":{"dtype":"number","min":27.640748860543233,"max":95.31105759083411},"27":{"dtype":"number","min":58.34477352120026,"max":103.08910875524927},"28":{"dtype":"number","min":16.203374704654685,"max":89.20359620806303},"29":{"dtype":"number","min":37.33949940107023,"max":103.52071200662654},"30":{"dtype":"number","min":27.511788390533273,"max":95.23106690271091},"31":{"dtype":"number","min":74.29029620878877,"max":104.69316553186488},"32":{"dtype":"number","min":17.342722764489245,"max":90.3887125367542},"33":{"dtype":"number","min":59.57976335670516,"max":103.928379333972}},"outputs":{"0":{"dtype":"string","min":0,"max":1,"uniqueValues":["x","왼손"],"legend":{"x":[1,0],"왼손":[0,1]}}},"isNormalized":true}