{"inputUnits":[34],"outputUnits":2,"inputs":{"0":{"dtype":"number","min":264.4076957479555,"max":467.6741685179474},"1":{"dtype":"number","min":-2.652739883631071,"max":103.69655765288056},"2":{"dtype":"number","min":275.06443849083973,"max":476.41854001764665},"3":{"dtype":"number","min":-28.174396834643034,"max":92.40067628856755},"4":{"dtype":"number","min":251.7295203850283,"max":456.66315640157654},"5":{"dtype":"number","min":-25.107060482627467,"max":96.17932652404664},"6":{"dtype":"number","min":293.9254963002939,"max":485.89868854128594},"7":{"dtype":"number","min":-37.17664454647905,"max":100.96124466864453},"8":{"dtype":"number","min":237.3537781178138,"max":439.54539843702406},"9":{"dtype":"number","min":-7.625859727171672,"max":107.6216342621147},"10":{"dtype":"number","min":323.0544446086326,"max":505.86533574332964},"11":{"dtype":"number","min":77.06158554344844,"max":167.03017504359312},"12":{"dtype":"number","min":215.1103829129165,"max":410.29641194185547},"13":{"dtype":"number","min":107.8890616433662,"max":169.91141573959854},"14":{"dtype":"number","min":342.9506116722062,"max":534.2030304728428},"15":{"dtype":"number","min":54.38921774107578,"max":237.5795781542683},"16":{"dtype":"number","min":197.98100685283222,"max":389.5254760504233},"17":{"dtype":"number","min":80.10117796661791,"max":242.84616659956367},"18":{"dtype":"number","min":365.49707304896896,"max":588.1914854886239},"19":{"dtype":"number","min":-0.09390520538271119,"max":319.0126793101052},"20":{"dtype":"number","min":174.26094873142057,"max":380.4436970314784},"21":{"dtype":"number","min":-0.17213341785453906,"max":334.16741503144794},"22":{"dtype":"number","min":296.973661753634,"max":494.8874061986019},"23":{"dtype":"number","min":280.4752630936472,"max":331.63119845920136},"24":{"dtype":"number","min":231.1315352828414,"max":424.15360240676017},"25":{"dtype":"number","min":283.9229374043425,"max":331.7176476789032},"26":{"dtype":"number","min":294.7843483967623,"max":494.3855267797994},"27":{"dtype":"number","min":388.3799978631746,"max":499.8149379559195},"28":{"dtype":"number","min":218.5563875313623,"max":432.900502463298},"29":{"dtype":"number","min":387.56563599346674,"max":480.09698722794735},"30":{"dtype":"number","min":280.6747193364372,"max":499.4958555582206},"31":{"dtype":"number","min":469.275149220844,"max":561.5607421161138},"32":{"dtype":"number","min":215.86547881306728,"max":427.0310174001355},"33":{"dtype":"number","min":459.04584497968585,"max":557.0636622854609}},"outputs":{"0":{"dtype":"string","min":0,"max":1,"uniqueValues":["왼손 올려주세요~","잘했어요~"],"legend":{"왼손 올려주세요~":[1,0],"잘했어요~":[0,1]}}},"isNormalized":true}