{"inputUnits":[34],"outputUnits":2,"inputs":{"0":{"dtype":"number","min":27.939794693309196,"max":88.5675411707709},"1":{"dtype":"number","min":-4.09057461030302,"max":54.65583894220244},"2":{"dtype":"number","min":29.136341403567073,"max":90.41573793335036},"3":{"dtype":"number","min":-3.025402753209045,"max":52.882901920445015},"4":{"dtype":"number","min":24.595862499222186,"max":86.3902088261952},"5":{"dtype":"number","min":-3.6034098842687774,"max":52.959831329117044},"6":{"dtype":"number","min":30.460938282645007,"max":93.03569417250785},"7":{"dtype":"number","min":-3.333465025903654,"max":52.990972510671526},"8":{"dtype":"number","min":19.831023392853915,"max":83.87454271781282},"9":{"dtype":"number","min":-3.832840129413568,"max":52.78948654673021},"10":{"dtype":"number","min":26.02994725485759,"max":95.75861834178427},"11":{"dtype":"number","min":-2.8420240093625315,"max":62.84085621378343},"12":{"dtype":"number","min":16.29054532413594,"max":80.05098143980983},"13":{"dtype":"number","min":-3.998827794839067,"max":61.35976319192214},"14":{"dtype":"number","min":30.982990525154573,"max":101.28340990687438},"15":{"dtype":"number","min":11.268577241061026,"max":72.33425962065164},"16":{"dtype":"number","min":13.151515901204903,"max":78.2591282508062},"17":{"dtype":"number","min":6.549954019327145,"max":76.24184569420173},"18":{"dtype":"number","min":16.762859314738193,"max":102.00636977108367},"19":{"dtype":"number","min":11.83608289350543,"max":89.9924808078342},"20":{"dtype":"number","min":11.29777742872926,"max":94.06216223569874},"21":{"dtype":"number","min":12.1303420782554,"max":94.72789132339447},"22":{"dtype":"number","min":25.639597946672644,"max":91.89912292227642},"23":{"dtype":"number","min":28.21495800222802,"max":93.02740933602315},"24":{"dtype":"number","min":20.506705642908404,"max":82.90331749423439},"25":{"dtype":"number","min":14.032288043819673,"max":89.54971529122217},"26":{"dtype":"number","min":22.426236767982648,"max":88.84763792011937},"27":{"dtype":"number","min":42.461298501979535,"max":103.07964823166995},"28":{"dtype":"number","min":20.722434209336548,"max":81.14901040381159},"29":{"dtype":"number","min":27.991224136966014,"max":102.9063384667707},"30":{"dtype":"number","min":18.83303128023129,"max":87.25957279084487},"31":{"dtype":"number","min":69.2914468270761,"max":104.40571954143442},"32":{"dtype":"number","min":18.458037627370736,"max":80.60195989776076},"33":{"dtype":"number","min":35.56963835078606,"max":104.28461405733641}},"outputs":{"0":{"dtype":"string","min":0,"max":1,"uniqueValues":["엄마 상어","x"],"legend":{"엄마 상어":[1,0],"x":[0,1]}}},"isNormalized":true}