{"inputUnits":[34],"outputUnits":2,"inputs":{"0":{"dtype":"number","min":251.55159695571393,"max":510.1214147497106},"1":{"dtype":"number","min":66.9987913135432,"max":110.87430957697521},"2":{"dtype":"number","min":260.5262783117461,"max":519.9236104269938},"3":{"dtype":"number","min":54.17180468464454,"max":102.08536679749366},"4":{"dtype":"number","min":238.6266273364686,"max":499.6395204778303},"5":{"dtype":"number","min":59.99462629619396,"max":100.66547602008424},"6":{"dtype":"number","min":274.9318928560551,"max":533.0870320875974},"7":{"dtype":"number","min":53.83207562838845,"max":102.07888567889177},"8":{"dtype":"number","min":225.04870914808723,"max":479.0152524275157},"9":{"dtype":"number","min":69.64342381289595,"max":104.50870238781903},"10":{"dtype":"number","min":309.37224687423856,"max":572.5311713562606},"11":{"dtype":"number","min":132.25453337730718,"max":161.8932941875495},"12":{"dtype":"number","min":208.19363004747655,"max":460.492973104555},"13":{"dtype":"number","min":135.4898291396351,"max":159.45658107482433},"14":{"dtype":"number","min":325.1783820853131,"max":586.0529813710709},"15":{"dtype":"number","min":213.3994148953384,"max":238.7032178317362},"16":{"dtype":"number","min":193.4272620366563,"max":443.2702300608971},"17":{"dtype":"number","min":70.71003279955531,"max":235.5182208977712},"18":{"dtype":"number","min":326.6378736588922,"max":573.3864797253822},"19":{"dtype":"number","min":280.03505312676083,"max":316.23390599300984},"20":{"dtype":"number","min":187.39951804832174,"max":427.9373597262198},"21":{"dtype":"number","min":-0.6414735433418599,"max":309.4245205706323},"22":{"dtype":"number","min":301.3374341998184,"max":546.3376491018671},"23":{"dtype":"number","min":284.8197993525752,"max":309.27086605198434},"24":{"dtype":"number","min":234.88800881666512,"max":469.60799367804276},"25":{"dtype":"number","min":278.3798365007367,"max":308.3017860100283},"26":{"dtype":"number","min":304.2740317301908,"max":547.2058343422575},"27":{"dtype":"number","min":384.28105939898575,"max":451.7228213899549},"28":{"dtype":"number","min":227.61776572779604,"max":465.38627044499265},"29":{"dtype":"number","min":393.09152822513096,"max":451.89412672849653},"30":{"dtype":"number","min":297.12350187245863,"max":544.3903492115162},"31":{"dtype":"number","min":473.5552847641021,"max":541.8922590884084},"32":{"dtype":"number","min":241.04085182353532,"max":463.1818828619944},"33":{"dtype":"number","min":451.81436936525336,"max":537.2807884588111}},"outputs":{"0":{"dtype":"string","min":0,"max":1,"uniqueValues":["오른손 올려주세요~","잘했어요~"],"legend":{"오른손 올려주세요~":[1,0],"잘했어요~":[0,1]}}},"isNormalized":true}