{"inputUnits":[34],"outputUnits":2,"inputs":{"0":{"dtype":"number","min":27.851005023450647,"max":101.75760521990978},"1":{"dtype":"number","min":-4.272623043543646,"max":38.35298750135634},"2":{"dtype":"number","min":29.69094122130039,"max":101.42850355330499},"3":{"dtype":"number","min":-3.881970901935421,"max":31.31715159202412},"4":{"dtype":"number","min":25.353838686357463,"max":100.05677050781993},"5":{"dtype":"number","min":-4.2736934639557065,"max":31.86895173427887},"6":{"dtype":"number","min":31.97876881902446,"max":100.57605939534209},"7":{"dtype":"number","min":-3.1773691753662585,"max":31.74153248004281},"8":{"dtype":"number","min":21.680300231100755,"max":99.29542745995475},"9":{"dtype":"number","min":-5.408159891764323,"max":34.87964675672802},"10":{"dtype":"number","min":28.448623825467354,"max":103.38548396298296},"11":{"dtype":"number","min":10.541272581669322,"max":55.76160627963715},"12":{"dtype":"number","min":17.03965557016592,"max":94.28427595841256},"13":{"dtype":"number","min":4.604946381864492,"max":55.68594872138189},"14":{"dtype":"number","min":29.45410382677937,"max":102.49082554153532},"15":{"dtype":"number","min":11.023969445776986,"max":84.59923490446214},"16":{"dtype":"number","min":10.580632561131527,"max":89.8838059944019},"17":{"dtype":"number","min":12.871085644697818,"max":88.75570761994777},"18":{"dtype":"number","min":32.507538748995835,"max":102.70522193834331},"19":{"dtype":"number","min":-0.6840540419312713,"max":104.58323978773568},"20":{"dtype":"number","min":4.680533622905292,"max":88.17070260150157},"21":{"dtype":"number","min":-1.2184604101943226,"max":107.17691492151332},"22":{"dtype":"number","min":20.317718717787,"max":100.07144728599236},"23":{"dtype":"number","min":49.55366368879352,"max":101.59192336233039},"24":{"dtype":"number","min":17.694301028930187,"max":99.06234490244013},"25":{"dtype":"number","min":49.1565394355075,"max":101.05384906597769},"26":{"dtype":"number","min":21.6517157489561,"max":101.41651923196358},"27":{"dtype":"number","min":72.03406592791076,"max":103.38773262663427},"28":{"dtype":"number","min":18.574543120103506,"max":101.01300577903585},"29":{"dtype":"number","min":70.6608083513048,"max":103.37025826437431},"30":{"dtype":"number","min":21.153483892741956,"max":100.55509575626306},"31":{"dtype":"number","min":86.98575248030426,"max":104.20722069098936},"32":{"dtype":"number","min":18.134974689743906,"max":100.68485722904317},"33":{"dtype":"number","min":85.05222690500479,"max":104.30660954228155}},"outputs":{"0":{"dtype":"string","min":0,"max":1,"uniqueValues":["오른손","x"],"legend":{"오른손":[1,0],"x":[0,1]}}},"isNormalized":true}