{"inputUnits":[34],"outputUnits":2,"inputs":{"0":{"dtype":"number","min":29.2273139395909,"max":84.26690575672173},"1":{"dtype":"number","min":-7.15362072920474,"max":62.58152730283681},"2":{"dtype":"number","min":31.288114300480593,"max":85.58403836821023},"3":{"dtype":"number","min":-4.892171893203468,"max":60.002692726388084},"4":{"dtype":"number","min":26.270185715970936,"max":81.7753139295076},"5":{"dtype":"number","min":-4.502941897505673,"max":60.94332048070361},"6":{"dtype":"number","min":31.58643185279058,"max":87.09100482524255},"7":{"dtype":"number","min":-6.025303176969116,"max":59.54400814532304},"8":{"dtype":"number","min":22.003099746406658,"max":77.2885061379297},"9":{"dtype":"number","min":-5.649514969794142,"max":61.522751430786606},"10":{"dtype":"number","min":30.270045170774704,"max":91.68727198074667},"11":{"dtype":"number","min":7.832257231773689,"max":72.2629461139731},"12":{"dtype":"number","min":17.722855116191663,"max":71.76858037419719},"13":{"dtype":"number","min":7.3868381582040765,"max":74.80460301942064},"14":{"dtype":"number","min":23.378756636532195,"max":102.76097414786356},"15":{"dtype":"number","min":21.157106832686456,"max":83.52303551419205},"16":{"dtype":"number","min":12.262235793918661,"max":65.81161675165039},"17":{"dtype":"number","min":17.326581780208713,"max":90.54801457109508},"18":{"dtype":"number","min":15.302734672442282,"max":103.98454647547553},"19":{"dtype":"number","min":12.222391541241205,"max":101.51140239038895},"20":{"dtype":"number","min":9.095133373379475,"max":64.81054256766396},"21":{"dtype":"number","min":4.954463371291728,"max":90.99620499341343},"22":{"dtype":"number","min":24.97534348427901,"max":88.04665397249933},"23":{"dtype":"number","min":50.697504939623975,"max":102.62746253208807},"24":{"dtype":"number","min":18.173458608735142,"max":78.08433915207029},"25":{"dtype":"number","min":50.24157481351559,"max":102.7423587226496},"26":{"dtype":"number","min":24.97066450223588,"max":88.71170912104974},"27":{"dtype":"number","min":72.72755472283615,"max":103.15292759945518},"28":{"dtype":"number","min":18.3213866012603,"max":78.87834396511025},"29":{"dtype":"number","min":72.0662810649091,"max":103.52654670878925},"30":{"dtype":"number","min":25.095391912534687,"max":89.6122252034862},"31":{"dtype":"number","min":92.14025389613697,"max":104.23461995859128},"32":{"dtype":"number","min":17.70156763682821,"max":80.49074678625513},"33":{"dtype":"number","min":88.13596747772038,"max":104.44076344748456}},"outputs":{"0":{"dtype":"string","min":0,"max":1,"uniqueValues":["어깨","x"],"legend":{"어깨":[1,0],"x":[0,1]}}},"isNormalized":true}