{"inputUnits":[34],"outputUnits":2,"inputs":{"0":{"dtype":"number","min":27.151382736295286,"max":86.43840628060681},"1":{"dtype":"number","min":-0.7639844050416704,"max":36.2129472617285},"2":{"dtype":"number","min":28.739292440358657,"max":88.91749883952893},"3":{"dtype":"number","min":-2.208919971309907,"max":34.72260494678341},"4":{"dtype":"number","min":24.753310689684472,"max":83.7085268418459},"5":{"dtype":"number","min":-1.751622726113243,"max":34.51173451908848},"6":{"dtype":"number","min":30.93790389873363,"max":92.37642195257294},"7":{"dtype":"number","min":-1.8048561572099058,"max":35.50814820079543},"8":{"dtype":"number","min":21.423716015285915,"max":80.57314066859017},"9":{"dtype":"number","min":-1.0383233224671717,"max":35.42389953345583},"10":{"dtype":"number","min":35.310362096418416,"max":99.57776961967959},"11":{"dtype":"number","min":10.427812479625203,"max":46.63943928352341},"12":{"dtype":"number","min":15.918707708169146,"max":77.94571740817837},"13":{"dtype":"number","min":11.26139568306549,"max":47.40041654709487},"14":{"dtype":"number","min":33.470292584008405,"max":103.41178418135317},"15":{"dtype":"number","min":7.0078799599095385,"max":65.67410601277565},"16":{"dtype":"number","min":12.161701348325197,"max":82.65497177897373},"17":{"dtype":"number","min":9.049621567159136,"max":68.02971414190519},"18":{"dtype":"number","min":30.023201353136326,"max":102.60282334296095},"19":{"dtype":"number","min":-2.069517325239572,"max":88.28809684247766},"20":{"dtype":"number","min":14.781305153235124,"max":93.81223591679951},"21":{"dtype":"number","min":-1.9894780238934193,"max":91.95902370802375},"22":{"dtype":"number","min":30.346201920834663,"max":95.39212269625003},"23":{"dtype":"number","min":41.686124411242744,"max":83.44682169239422},"24":{"dtype":"number","min":17.80508731076127,"max":86.08977780704609},"25":{"dtype":"number","min":40.48960036934003,"max":90.65054731759412},"26":{"dtype":"number","min":23.433715976469696,"max":93.37733379813895},"27":{"dtype":"number","min":63.73684401632982,"max":103.09611129017136},"28":{"dtype":"number","min":19.195318407947322,"max":92.05094796639901},"29":{"dtype":"number","min":62.782601910492595,"max":103.34824679190652},"30":{"dtype":"number","min":24.878128294126792,"max":92.97470158768444},"31":{"dtype":"number","min":79.77835541812532,"max":104.03165464048031},"32":{"dtype":"number","min":17.56455763506378,"max":91.28826533609431},"33":{"dtype":"number","min":79.73792594775819,"max":104.15200648019652}},"outputs":{"0":{"dtype":"string","min":0,"max":1,"uniqueValues":["왼손","x"],"legend":{"왼손":[1,0],"x":[0,1]}}},"isNormalized":true}