{"inputUnits":[34],"outputUnits":3,"inputs":{"0":{"dtype":"number","min":273.679646571942,"max":477.9747602674696},"1":{"dtype":"number","min":175.2775832505254,"max":200.43578729759645},"2":{"dtype":"number","min":280.95122562282035,"max":484.30987203795075},"3":{"dtype":"number","min":168.02403381228677,"max":193.91420717592592},"4":{"dtype":"number","min":266.86569243611416,"max":469.16198254561095},"5":{"dtype":"number","min":170.54893746478282,"max":192.50858299448709},"6":{"dtype":"number","min":298.3026313409935,"max":496.41756291975054},"7":{"dtype":"number","min":174.55136929339133,"max":194.7904337684081},"8":{"dtype":"number","min":261.0870849133467,"max":457.9113930150082},"9":{"dtype":"number","min":179.65666817410414,"max":198.8154886851766},"10":{"dtype":"number","min":313.96140531722097,"max":518.035545869645},"11":{"dtype":"number","min":206.2939268710785,"max":240.3646005106251},"12":{"dtype":"number","min":246.39237431754842,"max":440.99386947661577},"13":{"dtype":"number","min":209.24304568047177,"max":241.58695778651543},"14":{"dtype":"number","min":332.9840480514437,"max":532.9627565380193},"15":{"dtype":"number","min":172.31473153097588,"max":297.94832984374045},"16":{"dtype":"number","min":235.28269509358248,"max":434.6220124302319},"17":{"dtype":"number","min":167.78538159227276,"max":299.57292181241814},"18":{"dtype":"number","min":305.24317334269915,"max":542.6089870162874},"19":{"dtype":"number","min":136.9562157227514,"max":367.8322097153691},"20":{"dtype":"number","min":227.14748746935155,"max":478.0774795799924},"21":{"dtype":"number","min":124.89591602228771,"max":364.0463771411085},"22":{"dtype":"number","min":313.1693361516584,"max":506.62008244624144},"23":{"dtype":"number","min":317.4055132949561,"max":366.2961987352278},"24":{"dtype":"number","min":263.6067678589105,"max":463.8761024400737},"25":{"dtype":"number","min":324.53932853237694,"max":364.9268625121832},"26":{"dtype":"number","min":295.17312092623047,"max":504.1540539241441},"27":{"dtype":"number","min":414.38558983756315,"max":472.97532287954584},"28":{"dtype":"number","min":274.09616213792947,"max":479.1361086363913},"29":{"dtype":"number","min":417.0637889958729,"max":474.75883617735747},"30":{"dtype":"number","min":296.3706848263508,"max":522.2993005228321},"31":{"dtype":"number","min":481.45086366530745,"max":558.8188037537692},"32":{"dtype":"number","min":278.0468089678134,"max":476.9498141699599},"33":{"dtype":"number","min":495.63626175967806,"max":559.9337160285221}},"outputs":{"0":{"dtype":"string","min":0,"max":1,"uniqueValues":["동그라미","엑스","가만히"],"legend":{"동그라미":[1,0,0],"엑스":[0,1,0],"가만히":[0,0,1]}}},"isNormalized":true}